club,opponent,round,was_home,date
ARS,NEW,1,,
AVL,TOT,1,,
BOU,SHU,1,,
BHA,WAT,1,,
BUR,SOU,1,,
CHE,MUN,1,,
CRY,EVE,1,,
EVE,CRY,1,,
LEI,WOL,1,,
LIV,NOR,1,,
MCI,WHU,1,,
MUN,CHE,1,,
NEW,ARS,1,,
NOR,LIV,1,,
SHU,BOU,1,,
SOU,BUR,1,,
TOT,AVL,1,,
WAT,BHA,1,,
WHU,MCI,1,,
WOL,LEI,1,,
ARS,BUR,2,,
AVL,BOU,2,,
BOU,AVL,2,,
BHA,WHU,2,,
BUR,ARS,2,,
CHE,LEI,2,,
CRY,SHU,2,,
EVE,WAT,2,,
LEI,CHE,2,,
LIV,SOU,2,,
MCI,TOT,2,,
MUN,WOL,2,,
NEW,NOR,2,,
NOR,NEW,2,,
SHU,CRY,2,,
SOU,LIV,2,,
TOT,MCI,2,,
WAT,EVE,2,,
WHU,BHA,2,,
WOL,MUN,2,,
ARS,LIV,3,,
AVL,EVE,3,,
BOU,MCI,3,,
BHA,SOU,3,,
BUR,WOL,3,,
CHE,NOR,3,,
CRY,MUN,3,,
EVE,AVL,3,,
LEI,SHU,3,,
LIV,ARS,3,,
MCI,BOU,3,,
MUN,CRY,3,,
NEW,TOT,3,,
NOR,CHE,3,,
SHU,LEI,3,,
SOU,BHA,3,,
TOT,NEW,3,,
WAT,WHU,3,,
WHU,WAT,3,,
WOL,BUR,3,,
ARS,TOT,4,,
AVL,CRY,4,,
BOU,LEI,4,,
BHA,MCI,4,,
BUR,LIV,4,,
CHE,SHU,4,,
CRY,AVL,4,,
EVE,WOL,4,,
LEI,BOU,4,,
LIV,BUR,4,,
MCI,BHA,4,,
MUN,SOU,4,,
NEW,WAT,4,,
NOR,WHU,4,,
SHU,CHE,4,,
SOU,MUN,4,,
TOT,ARS,4,,
WAT,NEW,4,,
WHU,NOR,4,,
WOL,EVE,4,,
ARS,WAT,5,,
AVL,WHU,5,,
BOU,EVE,5,,
BHA,BUR,5,,
BUR,BHA,5,,
CHE,WOL,5,,
CRY,TOT,5,,
EVE,BOU,5,,
LEI,MUN,5,,
LIV,NEW,5,,
MCI,NOR,5,,
MUN,LEI,5,,
NEW,LIV,5,,
NOR,MCI,5,,
SHU,SOU,5,,
SOU,SHU,5,,
TOT,CRY,5,,
WAT,ARS,5,,
WHU,AVL,5,,
WOL,CHE,5,,
ARS,AVL,6,,
AVL,ARS,6,,
BOU,SOU,6,,
BHA,NEW,6,,
BUR,NOR,6,,
CHE,LIV,6,,
CRY,WOL,6,,
EVE,SHU,6,,
LEI,TOT,6,,
LIV,CHE,6,,
MCI,WAT,6,,
MUN,WHU,6,,
NEW,BHA,6,,
NOR,BUR,6,,
SHU,EVE,6,,
SOU,BOU,6,,
TOT,LEI,6,,
WAT,MCI,6,,
WHU,MUN,6,,
WOL,CRY,6,,
ARS,MUN,7,,
AVL,BUR,7,,
BOU,WHU,7,,
BHA,CHE,7,,
BUR,AVL,7,,
CHE,BHA,7,,
CRY,NOR,7,,
EVE,MCI,7,,
LEI,NEW,7,,
LIV,SHU,7,,
MCI,EVE,7,,
MUN,ARS,7,,
NEW,LEI,7,,
NOR,CRY,7,,
SHU,LIV,7,,
SOU,TOT,7,,
TOT,SOU,7,,
WAT,WOL,7,,
WHU,BOU,7,,
WOL,WAT,7,,
ARS,BOU,8,,
AVL,NOR,8,,
BOU,ARS,8,,
BHA,TOT,8,,
BUR,EVE,8,,
CHE,SOU,8,,
CRY,WHU,8,,
EVE,BUR,8,,
LEI,LIV,8,,
LIV,LEI,8,,
MCI,WOL,8,,
MUN,NEW,8,,
NEW,MUN,8,,
NOR,AVL,8,,
SHU,WAT,8,,
SOU,CHE,8,,
TOT,BHA,8,,
WAT,SHU,8,,
WHU,CRY,8,,
WOL,MCI,8,,
ARS,SHU,9,,
AVL,BHA,9,,
BOU,NOR,9,,
BHA,AVL,9,,
BUR,LEI,9,,
CHE,NEW,9,,
CRY,MCI,9,,
EVE,WHU,9,,
LEI,BUR,9,,
LIV,MUN,9,,
MCI,CRY,9,,
MUN,LIV,9,,
NEW,CHE,9,,
NOR,BOU,9,,
SHU,ARS,9,,
SOU,WOL,9,,
TOT,WAT,9,,
WAT,TOT,9,,
WHU,EVE,9,,
WOL,SOU,9,,
ARS,CRY,10,,
AVL,MCI,10,,
BOU,WAT,10,,
BHA,EVE,10,,
BUR,CHE,10,,
CHE,BUR,10,,
CRY,ARS,10,,
EVE,BHA,10,,
LEI,SOU,10,,
LIV,TOT,10,,
MCI,AVL,10,,
MUN,NOR,10,,
NEW,WOL,10,,
NOR,MUN,10,,
SHU,WHU,10,,
SOU,LEI,10,,
TOT,LIV,10,,
WAT,BOU,10,,
WHU,SHU,10,,
WOL,NEW,10,,
ARS,WOL,11,,
AVL,LIV,11,,
BOU,MUN,11,,
BHA,NOR,11,,
BUR,SHU,11,,
CHE,WAT,11,,
CRY,LEI,11,,
EVE,TOT,11,,
LEI,CRY,11,,
LIV,AVL,11,,
MCI,SOU,11,,
MUN,BOU,11,,
NEW,WHU,11,,
NOR,BHA,11,,
SHU,BUR,11,,
SOU,MCI,11,,
TOT,EVE,11,,
WAT,CHE,11,,
WHU,NEW,11,,
WOL,ARS,11,,
ARS,LEI,12,,
AVL,WOL,12,,
BOU,NEW,12,,
BHA,MUN,12,,
BUR,WHU,12,,
CHE,CRY,12,,
CRY,CHE,12,,
EVE,SOU,12,,
LEI,ARS,12,,
LIV,MCI,12,,
MCI,LIV,12,,
MUN,BHA,12,,
NEW,BOU,12,,
NOR,WAT,12,,
SHU,TOT,12,,
SOU,EVE,12,,
TOT,SHU,12,,
WAT,NOR,12,,
WHU,BUR,12,,
WOL,AVL,12,,
ARS,SOU,13,,
AVL,NEW,13,,
BOU,WOL,13,,
BHA,LEI,13,,
BUR,WAT,13,,
CHE,MCI,13,,
CRY,LIV,13,,
EVE,NOR,13,,
LEI,BHA,13,,
LIV,CRY,13,,
MCI,CHE,13,,
MUN,SHU,13,,
NEW,AVL,13,,
NOR,EVE,13,,
SHU,MUN,13,,
SOU,ARS,13,,
TOT,WHU,13,,
WAT,BUR,13,,
WHU,TOT,13,,
WOL,BOU,13,,
ARS,NOR,14,,
AVL,MUN,14,,
BOU,TOT,14,,
BHA,LIV,14,,
BUR,CRY,14,,
CHE,WHU,14,,
CRY,BUR,14,,
EVE,LEI,14,,
LEI,EVE,14,,
LIV,BHA,14,,
MCI,NEW,14,,
MUN,AVL,14,,
NEW,MCI,14,,
NOR,ARS,14,,
SHU,WOL,14,,
SOU,WAT,14,,
TOT,BOU,14,,
WAT,SOU,14,,
WHU,CHE,14,,
WOL,SHU,14,,
ARS,BHA,15,,
AVL,CHE,15,,
BOU,CRY,15,,
BHA,ARS,15,,
BUR,MCI,15,,
CHE,AVL,15,,
CRY,BOU,15,,
EVE,LIV,15,,
LEI,WAT,15,,
LIV,EVE,15,,
MCI,BUR,15,,
MUN,TOT,15,,
NEW,SHU,15,,
NOR,SOU,15,,
SHU,NEW,15,,
SOU,NOR,15,,
TOT,MUN,15,,
WAT,LEI,15,,
WHU,WOL,15,,
WOL,WHU,15,,
ARS,WHU,16,,
AVL,LEI,16,,
BOU,LIV,16,,
BHA,WOL,16,,
BUR,TOT,16,,
CHE,EVE,16,,
CRY,WAT,16,,
EVE,CHE,16,,
LEI,AVL,16,,
LIV,BOU,16,,
MCI,MUN,16,,
MUN,MCI,16,,
NEW,SOU,16,,
NOR,SHU,16,,
SHU,NOR,16,,
SOU,NEW,16,,
TOT,BUR,16,,
WAT,CRY,16,,
WHU,ARS,16,,
WOL,BHA,16,,
ARS,MCI,17,,
AVL,SHU,17,,
BOU,CHE,17,,
BHA,CRY,17,,
BUR,NEW,17,,
CHE,BOU,17,,
CRY,BHA,17,,
EVE,MUN,17,,
LEI,NOR,17,,
LIV,WAT,17,,
MCI,ARS,17,,
MUN,EVE,17,,
NEW,BUR,17,,
NOR,LEI,17,,
SHU,AVL,17,,
SOU,WHU,17,,
TOT,WOL,17,,
WAT,LIV,17,,
WHU,SOU,17,,
WOL,TOT,17,,
ARS,EVE,18,,
AVL,SOU,18,,
BOU,BUR,18,,
BHA,SHU,18,,
BUR,BOU,18,,
CHE,TOT,18,,
CRY,NEW,18,,
EVE,ARS,18,,
LEI,MCI,18,,
MCI,LEI,18,,
MUN,WAT,18,,
NEW,CRY,18,,
NOR,WOL,18,,
SHU,BHA,18,,
SOU,AVL,18,,
TOT,CHE,18,,
WAT,MUN,18,,
WOL,NOR,18,,
ARS,BOU,19,FALSE,26-12-2019 15:00
AVL,NOR,19,TRUE,26-12-2019 15:00
BOU,ARS,19,TRUE,26-12-2019 15:00
BHA,TOT,19,FALSE,26-12-2019 12:30
BUR,EVE,19,FALSE,26-12-2019 15:00
CHE,SOU,19,TRUE,26-12-2019 15:00
CRY,WHU,19,TRUE,26-12-2019 15:00
EVE,BUR,19,TRUE,26-12-2019 15:00
LEI,LIV,19,TRUE,26-12-2019 20:00
LIV,LEI,19,FALSE,26-12-2019 20:00
MCI,WOL,19,FALSE,27-12-2019 19:45
MUN,NEW,19,TRUE,26-12-2019 17:30
NEW,MUN,19,FALSE,26-12-2019 17:30
NOR,AVL,19,FALSE,26-12-2019 15:00
SHU,WAT,19,TRUE,26-12-2019 15:00
SOU,CHE,19,FALSE,26-12-2019 15:00
TOT,BHA,19,TRUE,26-12-2019 12:30
WAT,SHU,19,FALSE,26-12-2019 15:00
WHU,CRY,19,FALSE,26-12-2019 15:00
WOL,MCI,19,TRUE,27-12-2019 19:45
ARS,CHE,20,TRUE,29-12-2019 14:00
AVL,WAT,20,FALSE,28-12-2019 15:00
BOU,BHA,20,FALSE,28-12-2019 12:30
BHA,BOU,20,TRUE,28-12-2019 12:30
BUR,MUN,20,TRUE,28-12-2019 19:45
CHE,ARS,20,FALSE,29-12-2019 14:00
CRY,SOU,20,FALSE,28-12-2019 15:00
EVE,NEW,20,FALSE,28-12-2019 15:00
LEI,WHU,20,FALSE,28-12-2019 17:30
LIV,WOL,20,TRUE,29-12-2019 16:30
MCI,SHU,20,TRUE,29-12-2019 18:00
MUN,BUR,20,FALSE,28-12-2019 19:45
NEW,EVE,20,TRUE,28-12-2019 15:00
NOR,TOT,20,TRUE,28-12-2019 17:30
SHU,MCI,20,FALSE,29-12-2019 18:00
SOU,CRY,20,TRUE,28-12-2019 15:00
TOT,NOR,20,FALSE,28-12-2019 17:30
WAT,AVL,20,TRUE,28-12-2019 15:00
WHU,LEI,20,TRUE,28-12-2019 17:30
WOL,LIV,20,FALSE,29-12-2019 16:30
ARS,MUN,21,TRUE,1-1-2020 20:00
AVL,BUR,21,FALSE,1-1-2020 12:30
BOU,WHU,21,FALSE,1-1-2020 15:00
BHA,CHE,21,TRUE,1-1-2020 12:30
BUR,AVL,21,TRUE,1-1-2020 12:30
CHE,BHA,21,FALSE,1-1-2020 12:30
CRY,NOR,21,FALSE,1-1-2020 15:00
EVE,MCI,21,FALSE,1-1-2020 15:00
LEI,NEW,21,FALSE,1-1-2020 15:00
LIV,SHU,21,TRUE,2-1-2020 18:00
MCI,EVE,21,TRUE,1-1-2020 17:30
MUN,ARS,21,FALSE,1-1-2020 20:00
NEW,LEI,21,TRUE,1-1-2020 15:00
NOR,CRY,21,TRUE,1-1-2020 15:00
SHU,LIV,21,FALSE,2-1-2020 18:00
SOU,TOT,21,TRUE,1-1-2020 15:00
TOT,SOU,21,FALSE,1-1-2020 15:00
WAT,WOL,21,TRUE,1-1-2020 15:00
WHU,BOU,21,TRUE,1-1-2020 15:00
WOL,WAT,21,FALSE,1-1-2020 15:00
ARS,CRY,22,FALSE,11-1-2020 12:30
AVL,MCI,22,TRUE,12-1-2020 16:30
BOU,WAT,22,TRUE,12-1-2020 14:00
BHA,EVE,22,FALSE,11-1-2020 15:00
BUR,CHE,22,FALSE,11-1-2020 15:00
CHE,BUR,22,TRUE,11-1-2020 15:00
CRY,ARS,22,TRUE,11-1-2020 12:30
EVE,BHA,22,TRUE,11-1-2020 15:00
LEI,SOU,22,TRUE,11-1-2020 15:00
LIV,TOT,22,FALSE,11-1-2020 17:30
MCI,AVL,22,FALSE,12-1-2020 16:30
MUN,NOR,22,TRUE,11-1-2020 15:00
NEW,WOL,22,FALSE,11-1-2020 15:00
NOR,MUN,22,FALSE,11-1-2020 15:00
SHU,WHU,22,TRUE,10-1-2020 20:00
SOU,LEI,22,FALSE,11-1-2020 15:00
TOT,LIV,22,TRUE,11-1-2020 17:30
WAT,BOU,22,FALSE,12-1-2020 14:00
WHU,SHU,22,FALSE,10-1-2020 20:00
WOL,NEW,22,TRUE,11-1-2020 15:00
ARS,SHU,23,TRUE,18-1-2020 15:00
AVL,BHA,23,FALSE,18-1-2020 15:00
BOU,NOR,23,FALSE,18-1-2020 15:00
BHA,AVL,23,TRUE,18-1-2020 15:00
BUR,LEI,23,TRUE,19-1-2020 14:00
CHE,NEW,23,FALSE,18-1-2020 17:30
CRY,MCI,23,FALSE,18-1-2020 15:00
EVE,WHU,23,FALSE,18-1-2020 15:00
LEI,BUR,23,FALSE,19-1-2020 14:00
LIV,MUN,23,TRUE,19-1-2020 16:30
MCI,CRY,23,TRUE,18-1-2020 15:00
MUN,LIV,23,FALSE,19-1-2020 16:30
NEW,CHE,23,TRUE,18-1-2020 17:30
NOR,BOU,23,TRUE,18-1-2020 15:00
SHU,ARS,23,FALSE,18-1-2020 15:00
SOU,WOL,23,TRUE,18-1-2020 15:00
TOT,WAT,23,FALSE,18-1-2020 12:30
WAT,TOT,23,TRUE,18-1-2020 12:30
WHU,EVE,23,TRUE,18-1-2020 15:00
WOL,SOU,23,FALSE,18-1-2020 15:00
ARS,CHE,24,FALSE,21-01-2020 20:15
AVL,WAT,24,TRUE,21-01-2020 19:30
BOU,BHA,24,TRUE,21-01-2020 19:30
BHA,BOU,24,FALSE,21-01-2020 19:30
BUR,MUN,24,FALSE,22-01-2020 20:15
CHE,ARS,24,TRUE,21-01-2020 20:15
CRY,SOU,24,TRUE,21-01-2020 19:30
EVE,NEW,24,TRUE,21-01-2020 19:30
LEI,WHU,24,TRUE,22-01-2020 19:30
LIV,WOL,24,FALSE,23-01-2020 20:00
MCI,SHU,24,FALSE,21-01-2020 19:30
MUN,BUR,24,TRUE,22-01-2020 20:15
NEW,EVE,24,FALSE,21-01-2020 19:30
NOR,TOT,24,FALSE,22-01-2020 19:30
SHU,MCI,24,TRUE,21-01-2020 19:30
SOU,CRY,24,FALSE,21-01-2020 19:30
TOT,NOR,24,TRUE,22-01-2020 19:30
WAT,AVL,24,FALSE,21-01-2020 19:30
WHU,LEI,24,FALSE,22-01-2020 19:30
WOL,LIV,24,TRUE,23-01-2020 20:00
LIV,WHU,24,FALSE,29-01-2020 19:45
WHU,LIV,24,TRUE,29-01-2020 19:45
ARS,BUR,25,FALSE,2-2-2020 14:00
AVL,BOU,25,TRUE,1-2-2020 15:00
BOU,AVL,25,FALSE,1-2-2020 15:00
BHA,WHU,25,TRUE,1-2-2020 15:00
BUR,ARS,25,TRUE,2-2-2020 14:00
CHE,LEI,25,FALSE,1-2-2020 12:30
CRY,SHU,25,TRUE,1-2-2020 15:00
EVE,WAT,25,FALSE,1-2-2020 15:00
LEI,CHE,25,TRUE,1-2-2020 12:30
LIV,SOU,25,TRUE,1-2-2020 15:00
MCI,TOT,25,FALSE,2-2-2020 16:30
MUN,WOL,25,TRUE,1-2-2020 17:30
NEW,NOR,25,TRUE,1-2-2020 15:00
NOR,NEW,25,FALSE,1-2-2020 15:00
SHU,CRY,25,FALSE,1-2-2020 15:00
SOU,LIV,25,FALSE,1-2-2020 15:00
TOT,MCI,25,TRUE,2-2-2020 16:30
WAT,EVE,25,TRUE,1-2-2020 15:00
WHU,BHA,25,TRUE,1-2-2020 15:00
WOL,MUN,25,FALSE,1-2-2020 17:30
ARS,NEW,26,TRUE,16-02-2020 16:30
AVL,TOT,26,TRUE,16-02-2020 14:00
BOU,SHU,26,FALSE,9-2-2020 14:00
BHA,WAT,26,TRUE,8-2-2020 17:30
BUR,SOU,26,FALSE,15-2-2020 12:30
CHE,MUN,26,TRUE,17-2-2020 20:00
CRY,EVE,26,FALSE,8-2-2020 12:30
EVE,CRY,26,TRUE,8-2-2020 12:30
LEI,WOL,26,FALSE,14-2-2020 20:00
LIV,NOR,26,FALSE,15-2-2020 17:30
MCI,WHU,26,TRUE,9-2-2020 16:30
MUN,CHE,26,FALSE,17-2-2020 20:00
NEW,ARS,26,FALSE,16-02-2020 16:30
NOR,LIV,26,TRUE,15-2-2020 17:30
SHU,BOU,26,TRUE,9-2-2020 14:00
SOU,BUR,26,TRUE,15-2-2020 12:30
TOT,AVL,26,FALSE,16-02-2020 14:00
WAT,BHA,26,FALSE,8-2-2020 17:30
WHU,MCI,26,FALSE,9-2-2020 16:30
WOL,LEI,26,TRUE,14-2-2020 20:00
ARS,EVE,27,TRUE,23-2-2020 16:30
AVL,SOU,27,FALSE,22-2-2020 15:00
BOU,BUR,27,FALSE,22-2-2020 15:00
BHA,SHU,27,FALSE,22-2-2020 15:00
BUR,BOU,27,TRUE,22-2-2020 15:00
CHE,TOT,27,TRUE,22-2-2020 12:30
CRY,NEW,27,TRUE,22-2-2020 15:00
EVE,ARS,27,FALSE,23-2-2020 16:30
LEI,MCI,27,TRUE,22-2-2020 17:30
LIV,WHU,27,TRUE,24-02-2020 20:00
MCI,LEI,27,FALSE,22-2-2020 17:30
MUN,WAT,27,TRUE,23-2-2020 14:00
NEW,CRY,27,FALSE,22-2-2020 15:00
NOR,WOL,27,FALSE,23-2-2020 14:00
SHU,BHA,27,TRUE,22-2-2020 15:00
SOU,AVL,27,TRUE,22-2-2020 15:00
TOT,CHE,27,FALSE,22-2-2020 12:30
WAT,MUN,27,FALSE,23-2-2020 14:00
WHU,LIV,27,FALSE,24-02-2020 20:00
WOL,NOR,27,TRUE,23-2-2020 14:00
ARS,MCI,28,FALSE,1-3-2020 14:00
AVL,SHU,28,TRUE,29-02-2020 15:00
BOU,CHE,28,TRUE,29-02-2020 15:00
BHA,CRY,28,TRUE,29-02-2020 12:30
BUR,NEW,28,FALSE,29-02-2020 15:00
CHE,BOU,28,FALSE,29-02-2020 15:00
CRY,BHA,28,FALSE,29-02-2020 12:30
EVE,MUN,28,TRUE,1-3-2020 14:00
LEI,NOR,28,FALSE,28-2-2020 20:00
LIV,WAT,28,FALSE,29-02-2020 17:30
MCI,ARS,28,TRUE,1-3-2020 14:00
MUN,EVE,28,FALSE,1-3-2020 14:00
NEW,BUR,28,TRUE,29-02-2020 15:00
NOR,LEI,28,TRUE,28-2-2020 20:00
SHU,AVL,28,FALSE,29-02-2020 15:00
SOU,WHU,28,FALSE,29-02-2020 15:00
TOT,WOL,28,TRUE,1-3-2020 14:00
WAT,LIV,28,TRUE,29-02-2020 17:30
WHU,SOU,28,TRUE,29-02-2020 15:00
WOL,TOT,28,FALSE,1-3-2020 14:00
ARS,WHU,29,TRUE,7-3-2020 15:00
AVL,LEI,29,FALSE,7-3-2020 15:00
BOU,LIV,29,FALSE,7-3-2020 15:00
BHA,WOL,29,FALSE,7-3-2020 15:00
BUR,TOT,29,TRUE,7-3-2020 15:00
CHE,EVE,29,TRUE,7-3-2020 15:00
CRY,WAT,29,TRUE,7-3-2020 15:00
EVE,CHE,29,FALSE,7-3-2020 15:00
LEI,AVL,29,TRUE,7-3-2020 15:00
LIV,BOU,29,TRUE,7-3-2020 15:00
MCI,MUN,29,FALSE,7-3-2020 15:00
MUN,MCI,29,TRUE,7-3-2020 15:00
NEW,SOU,29,FALSE,7-3-2020 15:00
NOR,SHU,29,FALSE,7-3-2020 15:00
SHU,NOR,29,TRUE,7-3-2020 15:00
SOU,NEW,29,TRUE,7-3-2020 15:00
TOT,BUR,29,FALSE,7-3-2020 15:00
WAT,CRY,29,FALSE,7-3-2020 15:00
WHU,ARS,29,FALSE,7-3-2020 15:00
WOL,BHA,29,TRUE,7-3-2020 15:00
ARS,BHA,30,FALSE,14-3-2020 15:00
AVL,CHE,30,TRUE,14-3-2020 15:00
BOU,CRY,30,TRUE,14-3-2020 15:00
BHA,ARS,30,TRUE,14-3-2020 15:00
BUR,MCI,30,FALSE,14-3-2020 15:00
CHE,AVL,30,FALSE,14-3-2020 15:00
CRY,BOU,30,FALSE,14-3-2020 15:00
EVE,LIV,30,TRUE,14-3-2020 15:00
LEI,WAT,30,FALSE,14-3-2020 15:00
LIV,EVE,30,FALSE,14-3-2020 15:00
MCI,BUR,30,TRUE,14-3-2020 15:00
MUN,TOT,30,FALSE,14-3-2020 15:00
NEW,SHU,30,TRUE,14-3-2020 15:00
NOR,SOU,30,TRUE,14-3-2020 15:00
SHU,NEW,30,FALSE,14-3-2020 15:00
SOU,NOR,30,FALSE,14-3-2020 15:00
TOT,MUN,30,TRUE,14-3-2020 15:00
WAT,LEI,30,TRUE,14-3-2020 15:00
WHU,WOL,30,TRUE,14-3-2020 15:00
WOL,WHU,30,FALSE,14-3-2020 15:00
ARS,SOU,31,FALSE,21-3-2020 15:00
AVL,NEW,31,FALSE,21-3-2020 15:00
BOU,WOL,31,FALSE,21-3-2020 15:00
BHA,LEI,31,FALSE,21-3-2020 15:00
BUR,WAT,31,TRUE,21-3-2020 15:00
CHE,MCI,31,TRUE,21-3-2020 15:00
CRY,LIV,31,FALSE,21-3-2020 15:00
EVE,NOR,31,FALSE,21-3-2020 15:00
LEI,BHA,31,TRUE,21-3-2020 15:00
LIV,CRY,31,TRUE,21-3-2020 15:00
MCI,CHE,31,FALSE,21-3-2020 15:00
MUN,SHU,31,TRUE,21-3-2020 15:00
NEW,AVL,31,TRUE,21-3-2020 15:00
NOR,EVE,31,TRUE,21-3-2020 15:00
SHU,MUN,31,FALSE,21-3-2020 15:00
SOU,ARS,31,TRUE,21-3-2020 15:00
TOT,WHU,31,TRUE,21-3-2020 15:00
WAT,BUR,31,FALSE,21-3-2020 15:00
WHU,TOT,31,FALSE,21-3-2020 15:00
WOL,BOU,31,TRUE,21-3-2020 15:00
ARS,NOR,32,TRUE,4-4-2020 14:00
AVL,WOL,32,TRUE,4-4-2020 14:00
BOU,NEW,32,TRUE,4-4-2020 14:00
BHA,MUN,32,TRUE,4-4-2020 14:00
BUR,CRY,32,FALSE,4-4-2020 14:00
CHE,WHU,32,FALSE,4-4-2020 14:00
CRY,BUR,32,TRUE,4-4-2020 14:00
EVE,LEI,32,TRUE,4-4-2020 14:00
LEI,EVE,32,FALSE,4-4-2020 14:00
LIV,MCI,32,FALSE,4-4-2020 14:00
MCI,LIV,32,TRUE,4-4-2020 14:00
MUN,BHA,32,FALSE,4-4-2020 14:00
NEW,BOU,32,FALSE,4-4-2020 14:00
NOR,ARS,32,FALSE,4-4-2020 14:00
SHU,TOT,32,TRUE,4-4-2020 14:00
SOU,WAT,32,FALSE,4-4-2020 14:00
TOT,SHU,32,FALSE,4-4-2020 14:00
WAT,SOU,32,TRUE,4-4-2020 14:00
WHU,CHE,32,TRUE,4-4-2020 14:00
WOL,AVL,32,FALSE,4-4-2020 14:00
ARS,WOL,33,FALSE,11-4-2020 14:00
AVL,LIV,33,FALSE,11-4-2020 14:00
BOU,MUN,33,FALSE,11-4-2020 14:00
BHA,NOR,33,FALSE,11-4-2020 14:00
BUR,SHU,33,TRUE,11-4-2020 14:00
CHE,WAT,33,TRUE,11-4-2020 14:00
CRY,LEI,33,FALSE,11-4-2020 14:00
EVE,TOT,33,FALSE,11-4-2020 14:00
LEI,CRY,33,TRUE,11-4-2020 14:00
LIV,AVL,33,TRUE,11-4-2020 14:00
MCI,SOU,33,FALSE,11-4-2020 14:00
MUN,BOU,33,TRUE,11-4-2020 14:00
NEW,WHU,33,TRUE,11-4-2020 14:00
NOR,BHA,33,TRUE,11-4-2020 14:00
SHU,BUR,33,FALSE,11-4-2020 14:00
SOU,MCI,33,TRUE,11-4-2020 14:00
TOT,EVE,33,TRUE,11-4-2020 14:00
WAT,CHE,33,FALSE,11-4-2020 14:00
WHU,NEW,33,FALSE,11-4-2020 14:00
WOL,ARS,33,TRUE,11-4-2020 14:00
ARS,LEI,34,TRUE,18-4-2020 14:00
AVL,MUN,34,TRUE,18-4-2020 14:00
BOU,TOT,34,TRUE,18-4-2020 14:00
BHA,LIV,34,TRUE,18-4-2020 14:00
BUR,WHU,34,FALSE,18-4-2020 14:00
CHE,CRY,34,FALSE,18-4-2020 14:00
CRY,CHE,34,TRUE,18-4-2020 14:00
EVE,SOU,34,TRUE,18-4-2020 14:00
LEI,ARS,34,FALSE,18-4-2020 14:00
LIV,BHA,34,FALSE,18-4-2020 14:00
MCI,NEW,34,TRUE,18-4-2020 14:00
MUN,AVL,34,FALSE,18-4-2020 14:00
NEW,MCI,34,FALSE,18-4-2020 14:00
NOR,WAT,34,FALSE,18-4-2020 14:00
SHU,WOL,34,TRUE,18-4-2020 14:00
SOU,EVE,34,FALSE,18-4-2020 14:00
TOT,BOU,34,FALSE,18-4-2020 14:00
WAT,NOR,34,TRUE,18-4-2020 14:00
WHU,BUR,34,TRUE,18-4-2020 14:00
WOL,SHU,34,FALSE,18-4-2020 14:00
ARS,TOT,35,FALSE,25-4-2020 14:00
AVL,CRY,35,TRUE,25-4-2020 14:00
BOU,LEI,35,TRUE,25-4-2020 14:00
BHA,MCI,35,TRUE,25-4-2020 14:00
BUR,LIV,35,FALSE,25-4-2020 14:00
CHE,SHU,35,FALSE,25-4-2020 14:00
CRY,AVL,35,FALSE,25-4-2020 14:00
EVE,WOL,35,FALSE,25-4-2020 14:00
LEI,BOU,35,FALSE,25-4-2020 14:00
LIV,BUR,35,TRUE,25-4-2020 14:00
MCI,BHA,35,FALSE,25-4-2020 14:00
MUN,SOU,35,TRUE,25-4-2020 14:00
NEW,WAT,35,FALSE,25-4-2020 14:00
NOR,WHU,35,TRUE,25-4-2020 14:00
SHU,CHE,35,TRUE,25-4-2020 14:00
SOU,MUN,35,FALSE,25-4-2020 14:00
TOT,ARS,35,TRUE,25-4-2020 14:00
WAT,NEW,35,TRUE,25-4-2020 14:00
WHU,NOR,35,FALSE,25-4-2020 14:00
WOL,EVE,35,TRUE,25-4-2020 14:00
ARS,LIV,36,TRUE,2-5-2020 14:00
AVL,EVE,36,FALSE,2-5-2020 14:00
BOU,MCI,36,FALSE,2-5-2020 14:00
BHA,SOU,36,FALSE,2-5-2020 14:00
BUR,WOL,36,TRUE,2-5-2020 14:00
CHE,NOR,36,TRUE,2-5-2020 14:00
CRY,MUN,36,TRUE,2-5-2020 14:00
EVE,AVL,36,TRUE,2-5-2020 14:00
LEI,SHU,36,TRUE,2-5-2020 14:00
LIV,ARS,36,FALSE,2-5-2020 14:00
MCI,BOU,36,TRUE,2-5-2020 14:00
MUN,CRY,36,FALSE,2-5-2020 14:00
NEW,TOT,36,TRUE,2-5-2020 14:00
NOR,CHE,36,FALSE,2-5-2020 14:00
SHU,LEI,36,FALSE,2-5-2020 14:00
SOU,BHA,36,TRUE,2-5-2020 14:00
TOT,NEW,36,FALSE,2-5-2020 14:00
WAT,WHU,36,FALSE,2-5-2020 14:00
WHU,WAT,36,TRUE,2-5-2020 14:00
WOL,BUR,36,FALSE,2-5-2020 14:00
ARS,AVL,37,FALSE,9-5-2020 14:00
AVL,ARS,37,TRUE,9-5-2020 14:00
BOU,SOU,37,TRUE,9-5-2020 14:00
BHA,NEW,37,TRUE,9-5-2020 14:00
BUR,NOR,37,FALSE,9-5-2020 14:00
CHE,LIV,37,FALSE,9-5-2020 14:00
CRY,WOL,37,FALSE,9-5-2020 14:00
EVE,SHU,37,FALSE,9-5-2020 14:00
LEI,TOT,37,FALSE,9-5-2020 14:00
LIV,CHE,37,TRUE,9-5-2020 14:00
MCI,WAT,37,FALSE,9-5-2020 14:00
MUN,WHU,37,TRUE,9-5-2020 14:00
NEW,BHA,37,FALSE,9-5-2020 14:00
NOR,BUR,37,TRUE,9-5-2020 14:00
SHU,EVE,37,TRUE,9-5-2020 14:00
SOU,BOU,37,FALSE,9-5-2020 14:00
TOT,LEI,37,TRUE,9-5-2020 14:00
WAT,MCI,37,TRUE,9-5-2020 14:00
WHU,MUN,37,FALSE,9-5-2020 14:00
WOL,CRY,37,TRUE,9-5-2020 14:00
ARS,WAT,38,TRUE,17-5-2020 14:00
AVL,WHU,38,FALSE,17-5-2020 14:00
BOU,EVE,38,FALSE,17-5-2020 14:00
BHA,BUR,38,FALSE,17-5-2020 14:00
BUR,BHA,38,TRUE,17-5-2020 14:00
CHE,WOL,38,TRUE,17-5-2020 14:00
CRY,TOT,38,TRUE,17-5-2020 14:00
EVE,BOU,38,TRUE,17-5-2020 14:00
LEI,MUN,38,TRUE,17-5-2020 14:00
LIV,NEW,38,FALSE,17-5-2020 14:00
MCI,NOR,38,TRUE,17-5-2020 14:00
MUN,LEI,38,FALSE,17-5-2020 14:00
NEW,LIV,38,TRUE,17-5-2020 14:00
NOR,MCI,38,FALSE,17-5-2020 14:00
SHU,SOU,38,FALSE,17-5-2020 14:00
SOU,SHU,38,TRUE,17-5-2020 14:00
TOT,CRY,38,FALSE,17-5-2020 14:00
WAT,ARS,38,FALSE,17-5-2020 14:00
WHU,AVL,38,TRUE,17-5-2020 14:00
WOL,CHE,38,FALSE,17-5-2020 14:00